<?xml version="1.0" encoding="utf-8" ?>
<ROOT>
<SalIns>
<SalIn	 INVOICE_NO="1793101"	 DATE="2025-12-20T00:00:00"	 STATUS="2"	 DTLM="20260211 13:25"	 VATCALCMOD="0"	 DOC_TYPE="1"	 WAREH_CODE="BUX001"	 CUSTDOC_NO="0000001116"	>
<SalInLocalDetails>
<SalInLocalDetail	 LOCALCODE="3287525"	 LOT_ID="0"	 PRICE="1"	 QTY="2304"	 DTLM="20260211 13:25"	 STATUS="2"	 VAT="0"	/>
<SalInLocalDetail	 LOCALCODE="3287632"	 LOT_ID="0"	 PRICE="1"	 QTY="8448"	 DTLM="20260211 13:25"	 STATUS="2"	 VAT="0"	/>
<SalInLocalDetail	 LOCALCODE="3287754"	 LOT_ID="0"	 PRICE="1"	 QTY="10500"	 DTLM="20260211 13:25"	 STATUS="2"	 VAT="0"	/>
<SalInLocalDetail	 LOCALCODE="3287462"	 LOT_ID="0"	 PRICE="1"	 QTY="4800"	 DTLM="20260211 13:25"	 STATUS="2"	 VAT="0"	/>
<SalInLocalDetail	 LOCALCODE="3287667"	 LOT_ID="0"	 PRICE="1"	 QTY="8840"	 DTLM="20260211 13:25"	 STATUS="2"	 VAT="0"	/>
<SalInLocalDetail	 LOCALCODE="3287555"	 LOT_ID="0"	 PRICE="1"	 QTY="1120"	 DTLM="20260211 13:25"	 STATUS="2"	 VAT="0"	/>
<SalInLocalDetail	 LOCALCODE="3287501"	 LOT_ID="0"	 PRICE="1"	 QTY="5776"	 DTLM="20260211 13:25"	 STATUS="2"	 VAT="0"	/>
<SalInLocalDetail	 LOCALCODE="3287643"	 LOT_ID="0"	 PRICE="1"	 QTY="1152"	 DTLM="20260211 13:25"	 STATUS="2"	 VAT="0"	/>
<SalInLocalDetail	 LOCALCODE="3287670"	 LOT_ID="0"	 PRICE="1"	 QTY="1680"	 DTLM="20260211 13:25"	 STATUS="2"	 VAT="0"	/>
<SalInLocalDetail	 LOCALCODE="3287537"	 LOT_ID="0"	 PRICE="1"	 QTY="1120"	 DTLM="20260211 13:25"	 STATUS="2"	 VAT="0"	/>
<SalInLocalDetail	 LOCALCODE="3287448"	 LOT_ID="0"	 PRICE="1"	 QTY="1152"	 DTLM="20260211 13:25"	 STATUS="2"	 VAT="0"	/>
<SalInLocalDetail	 LOCALCODE="3287642"	 LOT_ID="0"	 PRICE="1"	 QTY="8448"	 DTLM="20260211 13:25"	 STATUS="2"	 VAT="0"	/>
</SalInLocalDetails>
</SalIn>
<SalIn	 INVOICE_NO="1822630"	 DATE="2025-12-29T00:00:00"	 STATUS="2"	 DTLM="20260211 13:25"	 VATCALCMOD="0"	 DOC_TYPE="1"	 WAREH_CODE="BUX001"	 CUSTDOC_NO="0000001119"	>
<SalInLocalDetails>
<SalInLocalDetail	 LOCALCODE="3287664"	 LOT_ID="0"	 PRICE="1"	 QTY="138240"	 DTLM="20260211 13:25"	 STATUS="2"	 VAT="0"	/>
</SalInLocalDetails>
</SalIn>
<SalIn	 INVOICE_NO="1823907"	 DATE="2025-12-29T00:00:00"	 STATUS="2"	 DTLM="20260211 13:25"	 VATCALCMOD="0"	 DOC_TYPE="1"	 WAREH_CODE="BUX001"	 CUSTDOC_NO="0000001120"	>
<SalInLocalDetails>
<SalInLocalDetail	 LOCALCODE="3287664"	 LOT_ID="0"	 PRICE="1"	 QTY="138240"	 DTLM="20260211 13:25"	 STATUS="2"	 VAT="0"	/>
</SalInLocalDetails>
</SalIn>
<SalIn	 INVOICE_NO="1820678"	 DATE="2025-12-30T00:00:00"	 STATUS="2"	 DTLM="20260211 13:25"	 VATCALCMOD="0"	 DOC_TYPE="1"	 WAREH_CODE="BUX001"	 CUSTDOC_NO="0000001118"	>
<SalInLocalDetails>
<SalInLocalDetail	 LOCALCODE="3287664"	 LOT_ID="0"	 PRICE="1"	 QTY="43008"	 DTLM="20260211 13:25"	 STATUS="2"	 VAT="0"	/>
<SalInLocalDetail	 LOCALCODE="3287462"	 LOT_ID="0"	 PRICE="1"	 QTY="19200"	 DTLM="20260211 13:25"	 STATUS="2"	 VAT="0"	/>
<SalInLocalDetail	 LOCALCODE="3287667"	 LOT_ID="0"	 PRICE="1"	 QTY="26000"	 DTLM="20260211 13:25"	 STATUS="2"	 VAT="0"	/>
</SalInLocalDetails>
</SalIn>
<SalIn	 INVOICE_NO="1823909"	 DATE="2025-12-31T00:00:00"	 STATUS="2"	 DTLM="20260211 13:25"	 VATCALCMOD="0"	 DOC_TYPE="1"	 WAREH_CODE="BUX001"	 CUSTDOC_NO="0000001121"	>
<SalInLocalDetails>
<SalInLocalDetail	 LOCALCODE="3287664"	 LOT_ID="0"	 PRICE="1"	 QTY="138240"	 DTLM="20260211 13:25"	 STATUS="2"	 VAT="0"	/>
</SalInLocalDetails>
</SalIn>
<SalIn	 INVOICE_NO="1823928"	 DATE="2025-12-31T00:00:00"	 STATUS="2"	 DTLM="20260211 13:25"	 VATCALCMOD="0"	 DOC_TYPE="1"	 WAREH_CODE="BUX001"	 CUSTDOC_NO="0000001123"	>
<SalInLocalDetails>
<SalInLocalDetail	 LOCALCODE="3287664"	 LOT_ID="0"	 PRICE="1"	 QTY="276480"	 DTLM="20260211 13:25"	 STATUS="2"	 VAT="0"	/>
</SalInLocalDetails>
</SalIn>
<SalIn	 INVOICE_NO="1823910"	 DATE="2025-12-31T00:00:00"	 STATUS="2"	 DTLM="20260211 13:25"	 VATCALCMOD="0"	 DOC_TYPE="1"	 WAREH_CODE="BUX001"	 CUSTDOC_NO="0000001122"	>
<SalInLocalDetails>
<SalInLocalDetail	 LOCALCODE="3287664"	 LOT_ID="0"	 PRICE="1"	 QTY="138240"	 DTLM="20260211 13:25"	 STATUS="2"	 VAT="0"	/>
</SalInLocalDetails>
</SalIn>
<SalIn	 INVOICE_NO="1834246"	 DATE="2026-01-13T00:00:00"	 STATUS="2"	 DTLM="20260211 13:25"	 VATCALCMOD="0"	 DOC_TYPE="1"	 WAREH_CODE="BUX001"	 CUSTDOC_NO="0000001124"	>
<SalInLocalDetails>
<SalInLocalDetail	 LOCALCODE="3287539"	 LOT_ID="0"	 PRICE="1"	 QTY="2240"	 DTLM="20260211 13:25"	 STATUS="2"	 VAT="0"	/>
<SalInLocalDetail	 LOCALCODE="3287555"	 LOT_ID="0"	 PRICE="1"	 QTY="1120"	 DTLM="20260211 13:25"	 STATUS="2"	 VAT="0"	/>
<SalInLocalDetail	 LOCALCODE="3287501"	 LOT_ID="0"	 PRICE="1"	 QTY="384"	 DTLM="20260211 13:25"	 STATUS="2"	 VAT="0"	/>
<SalInLocalDetail	 LOCALCODE="3287670"	 LOT_ID="0"	 PRICE="1"	 QTY="1680"	 DTLM="20260211 13:25"	 STATUS="2"	 VAT="0"	/>
<SalInLocalDetail	 LOCALCODE="3287537"	 LOT_ID="0"	 PRICE="1"	 QTY="2240"	 DTLM="20260211 13:25"	 STATUS="2"	 VAT="0"	/>
<SalInLocalDetail	 LOCALCODE="3287672"	 LOT_ID="0"	 PRICE="1"	 QTY="1536"	 DTLM="20260211 13:25"	 STATUS="2"	 VAT="0"	/>
<SalInLocalDetail	 LOCALCODE="3287743"	 LOT_ID="0"	 PRICE="1"	 QTY="153300"	 DTLM="20260211 13:25"	 STATUS="2"	 VAT="0"	/>
<SalInLocalDetail	 LOCALCODE="3287474"	 LOT_ID="0"	 PRICE="1"	 QTY="4800"	 DTLM="20260211 13:25"	 STATUS="2"	 VAT="0"	/>
<SalInLocalDetail	 LOCALCODE="3287510"	 LOT_ID="0"	 PRICE="1"	 QTY="3500"	 DTLM="20260211 13:25"	 STATUS="2"	 VAT="0"	/>
</SalInLocalDetails>
</SalIn>
<SalIn	 INVOICE_NO="1835092"	 DATE="2026-01-13T00:00:00"	 STATUS="2"	 DTLM="20260211 13:25"	 VATCALCMOD="0"	 DOC_TYPE="1"	 WAREH_CODE="BUX001"	 CUSTDOC_NO="0000001125"	>
<SalInLocalDetails>
<SalInLocalDetail	 LOCALCODE="3287519"	 LOT_ID="0"	 PRICE="1"	 QTY="64512"	 DTLM="20260211 13:25"	 STATUS="2"	 VAT="0"	/>
<SalInLocalDetail	 LOCALCODE="3287474"	 LOT_ID="0"	 PRICE="1"	 QTY="19200"	 DTLM="20260211 13:25"	 STATUS="2"	 VAT="0"	/>
<SalInLocalDetail	 LOCALCODE="3287667"	 LOT_ID="0"	 PRICE="1"	 QTY="8840"	 DTLM="20260211 13:25"	 STATUS="2"	 VAT="0"	/>
<SalInLocalDetail	 LOCALCODE="3287643"	 LOT_ID="0"	 PRICE="1"	 QTY="1152"	 DTLM="20260211 13:25"	 STATUS="2"	 VAT="0"	/>
<SalInLocalDetail	 LOCALCODE="3287448"	 LOT_ID="0"	 PRICE="1"	 QTY="2304"	 DTLM="20260211 13:25"	 STATUS="2"	 VAT="0"	/>
<SalInLocalDetail	 LOCALCODE="3287525"	 LOT_ID="0"	 PRICE="1"	 QTY="2304"	 DTLM="20260211 13:25"	 STATUS="2"	 VAT="0"	/>
</SalInLocalDetails>
</SalIn>
<SalIn	 INVOICE_NO="1842836"	 DATE="2026-01-19T00:00:00"	 STATUS="2"	 DTLM="20260211 13:25"	 VATCALCMOD="0"	 DOC_TYPE="1"	 WAREH_CODE="BUX001"	 CUSTDOC_NO="0000001126"	>
<SalInLocalDetails>
<SalInLocalDetail	 LOCALCODE="3287401"	 LOT_ID="0"	 PRICE="1"	 QTY="6000"	 DTLM="20260211 13:25"	 STATUS="2"	 VAT="0"	/>
<SalInLocalDetail	 LOCALCODE="3287754"	 LOT_ID="0"	 PRICE="1"	 QTY="23000"	 DTLM="20260211 13:25"	 STATUS="2"	 VAT="0"	/>
<SalInLocalDetail	 LOCALCODE="3287540"	 LOT_ID="0"	 PRICE="1"	 QTY="1944"	 DTLM="20260211 13:25"	 STATUS="2"	 VAT="0"	/>
<SalInLocalDetail	 LOCALCODE="3287601"	 LOT_ID="0"	 PRICE="1"	 QTY="1944"	 DTLM="20260211 13:25"	 STATUS="2"	 VAT="0"	/>
<SalInLocalDetail	 LOCALCODE="3287681"	 LOT_ID="0"	 PRICE="1"	 QTY="11808"	 DTLM="20260211 13:25"	 STATUS="2"	 VAT="0"	/>
<SalInLocalDetail	 LOCALCODE="3287557"	 LOT_ID="0"	 PRICE="1"	 QTY="1944"	 DTLM="20260211 13:25"	 STATUS="2"	 VAT="0"	/>
<SalInLocalDetail	 LOCALCODE="3287630"	 LOT_ID="0"	 PRICE="1"	 QTY="11400"	 DTLM="20260211 13:25"	 STATUS="2"	 VAT="0"	/>
<SalInLocalDetail	 LOCALCODE="3287614"	 LOT_ID="0"	 PRICE="1"	 QTY="24000"	 DTLM="20260211 13:25"	 STATUS="2"	 VAT="0"	/>
<SalInLocalDetail	 LOCALCODE="3287648"	 LOT_ID="0"	 PRICE="1"	 QTY="1400"	 DTLM="20260211 13:25"	 STATUS="2"	 VAT="0"	/>
<SalInLocalDetail	 LOCALCODE="3287755"	 LOT_ID="0"	 PRICE="1"	 QTY="11808"	 DTLM="20260211 13:25"	 STATUS="2"	 VAT="0"	/>
</SalInLocalDetails>
</SalIn>
<SalIn	 INVOICE_NO="1847535"	 DATE="2026-01-20T00:00:00"	 STATUS="2"	 DTLM="20260211 13:25"	 VATCALCMOD="0"	 DOC_TYPE="1"	 WAREH_CODE="BUX001"	 CUSTDOC_NO="0000001127"	>
<SalInLocalDetails>
<SalInLocalDetail	 LOCALCODE="3287664"	 LOT_ID="0"	 PRICE="1"	 QTY="138240"	 DTLM="20260211 13:25"	 STATUS="2"	 VAT="0"	/>
</SalInLocalDetails>
</SalIn>
<SalIn	 INVOICE_NO="1847538"	 DATE="2026-01-21T00:00:00"	 STATUS="2"	 DTLM="20260211 13:25"	 VATCALCMOD="0"	 DOC_TYPE="1"	 WAREH_CODE="BUX001"	 CUSTDOC_NO="0000001128"	>
<SalInLocalDetails>
<SalInLocalDetail	 LOCALCODE="3287664"	 LOT_ID="0"	 PRICE="1"	 QTY="138240"	 DTLM="20260211 13:25"	 STATUS="2"	 VAT="0"	/>
</SalInLocalDetails>
</SalIn>
<SalIn	 INVOICE_NO="1869525"	 DATE="2026-01-26T00:00:00"	 STATUS="2"	 DTLM="20260211 13:25"	 VATCALCMOD="0"	 DOC_TYPE="1"	 WAREH_CODE="BUX001"	 CUSTDOC_NO="0000001129"	>
<SalInLocalDetails>
<SalInLocalDetail	 LOCALCODE="3287664"	 LOT_ID="0"	 PRICE="1"	 QTY="127488"	 DTLM="20260211 13:25"	 STATUS="2"	 VAT="0"	/>
</SalInLocalDetails>
</SalIn>
<SalIn	 INVOICE_NO="1874639"	 DATE="2026-01-29T00:00:00"	 STATUS="2"	 DTLM="20260211 13:25"	 VATCALCMOD="0"	 DOC_TYPE="1"	 WAREH_CODE="BUX001"	 CUSTDOC_NO="0000001130"	>
<SalInLocalDetails>
<SalInLocalDetail	 LOCALCODE="3287664"	 LOT_ID="0"	 PRICE="1"	 QTY="24576"	 DTLM="20260211 13:25"	 STATUS="2"	 VAT="0"	/>
<SalInLocalDetail	 LOCALCODE="3287519"	 LOT_ID="0"	 PRICE="1"	 QTY="30720"	 DTLM="20260211 13:25"	 STATUS="2"	 VAT="0"	/>
<SalInLocalDetail	 LOCALCODE="3287667"	 LOT_ID="0"	 PRICE="1"	 QTY="15470"	 DTLM="20260211 13:25"	 STATUS="2"	 VAT="0"	/>
<SalInLocalDetail	 LOCALCODE="3287501"	 LOT_ID="0"	 PRICE="1"	 QTY="5176"	 DTLM="20260211 13:25"	 STATUS="2"	 VAT="0"	/>
<SalInLocalDetail	 LOCALCODE="3287571"	 LOT_ID="0"	 PRICE="1"	 QTY="14976"	 DTLM="20260211 13:25"	 STATUS="2"	 VAT="0"	/>
<SalInLocalDetail	 LOCALCODE="3287740"	 LOT_ID="0"	 PRICE="1"	 QTY="14976"	 DTLM="20260211 13:25"	 STATUS="2"	 VAT="0"	/>
<SalInLocalDetail	 LOCALCODE="3287672"	 LOT_ID="0"	 PRICE="1"	 QTY="2208"	 DTLM="20260211 13:25"	 STATUS="2"	 VAT="0"	/>
</SalInLocalDetails>
</SalIn>
<SalIn	 INVOICE_NO="1887514"	 DATE="2026-01-30T00:00:00"	 STATUS="2"	 DTLM="20260211 13:25"	 VATCALCMOD="0"	 DOC_TYPE="1"	 WAREH_CODE="BUX001"	 CUSTDOC_NO="0000001134"	>
<SalInLocalDetails>
<SalInLocalDetail	 LOCALCODE="3287664"	 LOT_ID="0"	 PRICE="1"	 QTY="138240"	 DTLM="20260211 13:25"	 STATUS="2"	 VAT="0"	/>
</SalInLocalDetails>
</SalIn>
<SalIn	 INVOICE_NO="1876506"	 DATE="2026-01-30T00:00:00"	 STATUS="2"	 DTLM="20260211 13:25"	 VATCALCMOD="0"	 DOC_TYPE="1"	 WAREH_CODE="BUX001"	 CUSTDOC_NO="0000001131"	>
<SalInLocalDetails>
<SalInLocalDetail	 LOCALCODE="3287663"	 LOT_ID="0"	 PRICE="1"	 QTY="9792"	 DTLM="20260211 13:25"	 STATUS="2"	 VAT="0"	/>
<SalInLocalDetail	 LOCALCODE="3287563"	 LOT_ID="0"	 PRICE="1"	 QTY="31600"	 DTLM="20260211 13:25"	 STATUS="2"	 VAT="0"	/>
<SalInLocalDetail	 LOCALCODE="3287518"	 LOT_ID="0"	 PRICE="1"	 QTY="15264"	 DTLM="20260211 13:25"	 STATUS="2"	 VAT="0"	/>
<SalInLocalDetail	 LOCALCODE="3287616"	 LOT_ID="0"	 PRICE="1"	 QTY="600"	 DTLM="20260211 13:25"	 STATUS="2"	 VAT="0"	/>
<SalInLocalDetail	 LOCALCODE="3287590"	 LOT_ID="0"	 PRICE="1"	 QTY="2200"	 DTLM="20260211 13:25"	 STATUS="2"	 VAT="0"	/>
<SalInLocalDetail	 LOCALCODE="3287539"	 LOT_ID="0"	 PRICE="1"	 QTY="2240"	 DTLM="20260211 13:25"	 STATUS="2"	 VAT="0"	/>
<SalInLocalDetail	 LOCALCODE="3287611"	 LOT_ID="0"	 PRICE="1"	 QTY="2200"	 DTLM="20260211 13:25"	 STATUS="2"	 VAT="0"	/>
<SalInLocalDetail	 LOCALCODE="3287671"	 LOT_ID="0"	 PRICE="1"	 QTY="2016"	 DTLM="20260211 13:25"	 STATUS="2"	 VAT="0"	/>
<SalInLocalDetail	 LOCALCODE="3287555"	 LOT_ID="0"	 PRICE="1"	 QTY="2240"	 DTLM="20260211 13:25"	 STATUS="2"	 VAT="0"	/>
<SalInLocalDetail	 LOCALCODE="3287670"	 LOT_ID="0"	 PRICE="1"	 QTY="1680"	 DTLM="20260211 13:25"	 STATUS="2"	 VAT="0"	/>
<SalInLocalDetail	 LOCALCODE="3287537"	 LOT_ID="0"	 PRICE="1"	 QTY="2240"	 DTLM="20260211 13:25"	 STATUS="2"	 VAT="0"	/>
<SalInLocalDetail	 LOCALCODE="3287520"	 LOT_ID="0"	 PRICE="1"	 QTY="2688"	 DTLM="20260211 13:25"	 STATUS="2"	 VAT="0"	/>
<SalInLocalDetail	 LOCALCODE="3287672"	 LOT_ID="0"	 PRICE="1"	 QTY="1792"	 DTLM="20260211 13:25"	 STATUS="2"	 VAT="0"	/>
<SalInLocalDetail	 LOCALCODE="4633733"	 LOT_ID="0"	 PRICE="1"	 QTY="1000"	 DTLM="20260211 13:25"	 STATUS="2"	 VAT="0"	/>
</SalInLocalDetails>
</SalIn>
<SalIn	 INVOICE_NO="1876763"	 DATE="2026-01-30T00:00:00"	 STATUS="2"	 DTLM="20260211 13:25"	 VATCALCMOD="0"	 DOC_TYPE="1"	 WAREH_CODE="BUX001"	 CUSTDOC_NO="0000001132"	>
<SalInLocalDetails>
<SalInLocalDetail	 LOCALCODE="3287664"	 LOT_ID="0"	 PRICE="1"	 QTY="138240"	 DTLM="20260211 13:25"	 STATUS="2"	 VAT="0"	/>
</SalInLocalDetails>
</SalIn>
<SalIn	 INVOICE_NO="1887531"	 DATE="2026-02-02T00:00:00"	 STATUS="2"	 DTLM="20260211 13:25"	 VATCALCMOD="0"	 DOC_TYPE="1"	 WAREH_CODE="BUX001"	 CUSTDOC_NO="0000001135"	>
<SalInLocalDetails>
<SalInLocalDetail	 LOCALCODE="3287540"	 LOT_ID="0"	 PRICE="1"	 QTY="1080"	 DTLM="20260211 13:25"	 STATUS="2"	 VAT="0"	/>
<SalInLocalDetail	 LOCALCODE="3287525"	 LOT_ID="0"	 PRICE="1"	 QTY="2304"	 DTLM="20260211 13:25"	 STATUS="2"	 VAT="0"	/>
<SalInLocalDetail	 LOCALCODE="3287601"	 LOT_ID="0"	 PRICE="1"	 QTY="1080"	 DTLM="20260211 13:25"	 STATUS="2"	 VAT="0"	/>
<SalInLocalDetail	 LOCALCODE="3287664"	 LOT_ID="0"	 PRICE="1"	 QTY="97152"	 DTLM="20260211 13:25"	 STATUS="2"	 VAT="0"	/>
<SalInLocalDetail	 LOCALCODE="3287557"	 LOT_ID="0"	 PRICE="1"	 QTY="1080"	 DTLM="20260211 13:25"	 STATUS="2"	 VAT="0"	/>
<SalInLocalDetail	 LOCALCODE="3287660"	 LOT_ID="0"	 PRICE="1"	 QTY="18000"	 DTLM="20260211 13:25"	 STATUS="2"	 VAT="0"	/>
<SalInLocalDetail	 LOCALCODE="3287590"	 LOT_ID="0"	 PRICE="1"	 QTY="1200"	 DTLM="20260211 13:25"	 STATUS="2"	 VAT="0"	/>
<SalInLocalDetail	 LOCALCODE="3287611"	 LOT_ID="0"	 PRICE="1"	 QTY="1200"	 DTLM="20260211 13:25"	 STATUS="2"	 VAT="0"	/>
<SalInLocalDetail	 LOCALCODE="3287643"	 LOT_ID="0"	 PRICE="1"	 QTY="1152"	 DTLM="20260211 13:25"	 STATUS="2"	 VAT="0"	/>
<SalInLocalDetail	 LOCALCODE="3287648"	 LOT_ID="0"	 PRICE="1"	 QTY="1600"	 DTLM="20260211 13:25"	 STATUS="2"	 VAT="0"	/>
<SalInLocalDetail	 LOCALCODE="3287448"	 LOT_ID="0"	 PRICE="1"	 QTY="2304"	 DTLM="20260211 13:25"	 STATUS="2"	 VAT="0"	/>
</SalInLocalDetails>
</SalIn>
<SalIn	 INVOICE_NO="1887469"	 DATE="2026-02-06T00:00:00"	 STATUS="2"	 DTLM="20260211 13:25"	 VATCALCMOD="0"	 DOC_TYPE="1"	 WAREH_CODE="BUX001"	 CUSTDOC_NO="0000001133"	>
<SalInLocalDetails>
<SalInLocalDetail	 LOCALCODE="3287532"	 LOT_ID="0"	 PRICE="1"	 QTY="96768"	 DTLM="20260211 13:25"	 STATUS="2"	 VAT="0"	/>
<SalInLocalDetail	 LOCALCODE="3287630"	 LOT_ID="0"	 PRICE="1"	 QTY="18000"	 DTLM="20260211 13:25"	 STATUS="2"	 VAT="0"	/>
<SalInLocalDetail	 LOCALCODE="3287633"	 LOT_ID="0"	 PRICE="1"	 QTY="1296"	 DTLM="20260211 13:25"	 STATUS="2"	 VAT="0"	/>
<SalInLocalDetail	 LOCALCODE="3287634"	 LOT_ID="0"	 PRICE="1"	 QTY="1296"	 DTLM="20260211 13:25"	 STATUS="2"	 VAT="0"	/>
<SalInLocalDetail	 LOCALCODE="3287651"	 LOT_ID="0"	 PRICE="1"	 QTY="570"	 DTLM="20260211 13:25"	 STATUS="2"	 VAT="0"	/>
<SalInLocalDetail	 LOCALCODE="3287653"	 LOT_ID="0"	 PRICE="1"	 QTY="540"	 DTLM="20260211 13:25"	 STATUS="2"	 VAT="0"	/>
<SalInLocalDetail	 LOCALCODE="3287705"	 LOT_ID="0"	 PRICE="1"	 QTY="1296"	 DTLM="20260211 13:25"	 STATUS="2"	 VAT="0"	/>
</SalInLocalDetails>
</SalIn>
</SalIns>
</ROOT>